GEO_ID,NAME(zip),S1903_C01_001E(num_households),S1903_C03_001E(median_indome),S1903_C03_001M(income_SE)
860Z200US51360,ZCTA5 51360,3991,65529,4712
860Z200US55001,ZCTA5 55001,1179,114867,17812
860Z200US55003,ZCTA5 55003,1014,92292,17829
860Z200US55005,ZCTA5 55005,1580,99286,12498
860Z200US55006,ZCTA5 55006,1376,56768,4629
860Z200US55007,ZCTA5 55007,954,57500,8668
860Z200US55008,ZCTA5 55008,6147,76133,5201
860Z200US55009,ZCTA5 55009,3277,78697,5817
860Z200US55011,ZCTA5 55011,3817,115617,3320
860Z200US55012,ZCTA5 55012,683,81815,9253
860Z200US55013,ZCTA5 55013,2644,91500,11335
860Z200US55014,ZCTA5 55014,10394,92235,3559
860Z200US55016,ZCTA5 55016,12719,108159,5348
860Z200US55017,ZCTA5 55017,300,65333,18143
860Z200US55018,ZCTA5 55018,381,85903,12548
860Z200US55019,ZCTA5 55019,751,97902,6495
860Z200US55020,ZCTA5 55020,1373,135375,30605
860Z200US55021,ZCTA5 55021,11406,63340,6593
860Z200US55024,ZCTA5 55024,12212,107338,3724
860Z200US55025,ZCTA5 55025,9845,92675,6299
860Z200US55026,ZCTA5 55026,160,93750,25101
860Z200US55027,ZCTA5 55027,981,82171,7541
860Z200US55029,ZCTA5 55029,26,58750,15401
860Z200US55030,ZCTA5 55030,486,60962,12816
860Z200US55031,ZCTA5 55031,651,99028,10074
860Z200US55032,ZCTA5 55032,1283,99438,6668
860Z200US55033,ZCTA5 55033,11427,91376,3230
860Z200US55036,ZCTA5 55036,23,30208,8646
860Z200US55037,ZCTA5 55037,1890,52927,4743
860Z200US55038,ZCTA5 55038,8520,113509,11384
860Z200US55040,ZCTA5 55040,5107,80849,7764
860Z200US55041,ZCTA5 55041,3301,70924,5781
860Z200US55042,ZCTA5 55042,4138,161618,23558
860Z200US55043,ZCTA5 55043,1532,89435,3545
860Z200US55044,ZCTA5 55044,20177,124899,4002
860Z200US55045,ZCTA5 55045,2844,103929,15492
860Z200US55046,ZCTA5 55046,2042,88357,12353
860Z200US55047,ZCTA5 55047,956,98864,23460
860Z200US55049,ZCTA5 55049,918,80000,10307
860Z200US55051,ZCTA5 55051,3795,60194,3327
860Z200US55052,ZCTA5 55052,745,70655,7480
860Z200US55053,ZCTA5 55053,343,84792,8880
860Z200US55054,ZCTA5 55054,795,140579,20324
860Z200US55055,ZCTA5 55055,1706,58455,7747
860Z200US55056,ZCTA5 55056,5229,91229,8063
860Z200US55057,ZCTA5 55057,7818,81097,7026
860Z200US55060,ZCTA5 55060,12016,74049,3716
860Z200US55063,ZCTA5 55063,3799,64207,3184
860Z200US55065,ZCTA5 55065,470,101563,9545
860Z200US55066,ZCTA5 55066,8107,64603,4397
860Z200US55068,ZCTA5 55068,11078,113598,5182
860Z200US55069,ZCTA5 55069,1918,62583,8049
860Z200US55070,ZCTA5 55070,2787,89242,5556
860Z200US55071,ZCTA5 55071,2298,85222,7702
860Z200US55072,ZCTA5 55072,1341,46616,3421
860Z200US55073,ZCTA5 55073,1309,119188,23012
860Z200US55074,ZCTA5 55074,851,96750,7167
860Z200US55075,ZCTA5 55075,8326,71283,4875
860Z200US55076,ZCTA5 55076,9258,86862,6392
860Z200US55077,ZCTA5 55077,5283,92808,8706
860Z200US55079,ZCTA5 55079,3239,94439,4421
860Z200US55080,ZCTA5 55080,1104,90179,13123
860Z200US55082,ZCTA5 55082,13914,105207,4457
860Z200US55084,ZCTA5 55084,686,70000,12967
860Z200US55085,ZCTA5 55085,170,89167,16634
860Z200US55087,ZCTA5 55087,166,111964,19522
860Z200US55088,ZCTA5 55088,604,115833,15487
860Z200US55089,ZCTA5 55089,611,89813,12898
860Z200US55090,ZCTA5 55090,162,60962,19575
860Z200US55092,ZCTA5 55092,4178,86648,6030
860Z200US55101,ZCTA5 55101,4662,66292,8241
860Z200US55102,ZCTA5 55102,10142,64270,4041
860Z200US55103,ZCTA5 55103,5246,41101,1582
860Z200US55104,ZCTA5 55104,18023,65905,4331
860Z200US55105,ZCTA5 55105,11104,100818,7228
860Z200US55106,ZCTA5 55106,18707,56634,2619
860Z200US55107,ZCTA5 55107,5395,59819,7080
860Z200US55108,ZCTA5 55108,6585,78708,5452
860Z200US55109,ZCTA5 55109,12628,70222,5391
860Z200US55110,ZCTA5 55110,15822,89965,4628
860Z200US55111,ZCTA5 55111,95,-,**
860Z200US55112,ZCTA5 55112,17360,82197,4108
860Z200US55113,ZCTA5 55113,18225,78262,4529
860Z200US55114,ZCTA5 55114,1751,63651,9725
860Z200US55115,ZCTA5 55115,3237,123092,9133
860Z200US55116,ZCTA5 55116,12167,70036,7032
860Z200US55117,ZCTA5 55117,16654,62558,4940
860Z200US55118,ZCTA5 55118,12466,72938,6803
860Z200US55119,ZCTA5 55119,15958,66772,4735
860Z200US55120,ZCTA5 55120,2058,97097,13607
860Z200US55121,ZCTA5 55121,3761,69932,10998
860Z200US55122,ZCTA5 55122,13628,83602,5362
860Z200US55123,ZCTA5 55123,10191,123393,7837
860Z200US55124,ZCTA5 55124,21128,91936,2909
860Z200US55125,ZCTA5 55125,17239,106573,5892
860Z200US55126,ZCTA5 55126,11640,101414,6686
860Z200US55127,ZCTA5 55127,7488,108664,12785
860Z200US55128,ZCTA5 55128,11641,77327,5847
860Z200US55129,ZCTA5 55129,9981,136428,9443
860Z200US55130,ZCTA5 55130,5897,45840,4890
860Z200US55150,ZCTA5 55150,58,83750,35528
860Z200US55155,ZCTA5 55155,0,-,**
860Z200US55301,ZCTA5 55301,4436,102270,18137
860Z200US55302,ZCTA5 55302,2854,78522,5350
860Z200US55303,ZCTA5 55303,19090,92205,4552
860Z200US55304,ZCTA5 55304,16651,115111,5042
860Z200US55305,ZCTA5 55305,9979,95701,9697
860Z200US55306,ZCTA5 55306,6166,81818,6940
860Z200US55307,ZCTA5 55307,1262,69464,5996
860Z200US55308,ZCTA5 55308,3198,93917,8919
860Z200US55309,ZCTA5 55309,6920,101917,10269
860Z200US55310,ZCTA5 55310,607,62455,5712
860Z200US55311,ZCTA5 55311,13888,135471,6630
860Z200US55312,ZCTA5 55312,530,78750,10123
860Z200US55313,ZCTA5 55313,9246,82389,8687
860Z200US55314,ZCTA5 55314,421,62708,11362
860Z200US55315,ZCTA5 55315,2219,116319,8582
860Z200US55316,ZCTA5 55316,8725,104200,10100
860Z200US55317,ZCTA5 55317,8057,118598,7405
860Z200US55318,ZCTA5 55318,10940,96502,6109
860Z200US55319,ZCTA5 55319,1903,97660,9641
860Z200US55320,ZCTA5 55320,1927,90550,9720
860Z200US55321,ZCTA5 55321,1856,72402,5646
860Z200US55322,ZCTA5 55322,1403,101607,8621
860Z200US55324,ZCTA5 55324,461,75859,4201
860Z200US55325,ZCTA5 55325,1702,77500,4095
860Z200US55327,ZCTA5 55327,1825,119986,29255
860Z200US55328,ZCTA5 55328,3457,95296,11852
860Z200US55329,ZCTA5 55329,731,73348,7169
860Z200US55330,ZCTA5 55330,15212,98676,6621
860Z200US55331,ZCTA5 55331,7382,144697,10148
860Z200US55332,ZCTA5 55332,765,52292,6212
860Z200US55333,ZCTA5 55333,252,66875,11399
860Z200US55334,ZCTA5 55334,1089,58861,9431
860Z200US55335,ZCTA5 55335,666,46774,7028
860Z200US55336,ZCTA5 55336,3088,66813,7459
860Z200US55337,ZCTA5 55337,18906,77416,5835
860Z200US55338,ZCTA5 55338,428,70417,12770
860Z200US55339,ZCTA5 55339,362,83125,25151
860Z200US55340,ZCTA5 55340,3055,166953,19130
860Z200US55341,ZCTA5 55341,1154,126184,17821
860Z200US55342,ZCTA5 55342,723,58352,5608
860Z200US55343,ZCTA5 55343,12711,71659,4572
860Z200US55344,ZCTA5 55344,6850,80939,4081
860Z200US55345,ZCTA5 55345,8680,120204,9804
860Z200US55346,ZCTA5 55346,6572,123596,10703
860Z200US55347,ZCTA5 55347,11604,148322,12487
860Z200US55349,ZCTA5 55349,1482,84655,14614
860Z200US55350,ZCTA5 55350,7833,66345,7135
860Z200US55352,ZCTA5 55352,3435,103681,15241
860Z200US55353,ZCTA5 55353,1193,87232,6778
860Z200US55354,ZCTA5 55354,990,84881,9079
860Z200US55355,ZCTA5 55355,3940,61367,6163
860Z200US55356,ZCTA5 55356,2171,158137,15228
860Z200US55357,ZCTA5 55357,1124,130871,9199
860Z200US55358,ZCTA5 55358,1939,83583,8212
860Z200US55359,ZCTA5 55359,2400,118571,30597
860Z200US55360,ZCTA5 55360,1102,104365,2815
860Z200US55362,ZCTA5 55362,7250,83714,8185
860Z200US55363,ZCTA5 55363,1876,77609,6692
860Z200US55364,ZCTA5 55364,6242,103714,16855
860Z200US55366,ZCTA5 55366,208,46250,27184
860Z200US55367,ZCTA5 55367,374,73750,13204
860Z200US55368,ZCTA5 55368,737,74907,7617
860Z200US55369,ZCTA5 55369,15340,101162,4323
860Z200US55370,ZCTA5 55370,217,86250,23207
860Z200US55371,ZCTA5 55371,6376,81312,5960
860Z200US55372,ZCTA5 55372,12052,122563,7126
860Z200US55373,ZCTA5 55373,2093,84141,15664
860Z200US55374,ZCTA5 55374,5329,131779,20543
860Z200US55375,ZCTA5 55375,1353,109489,20418
860Z200US55376,ZCTA5 55376,6078,119000,11264
860Z200US55378,ZCTA5 55378,11228,115456,7011
860Z200US55379,ZCTA5 55379,16637,95602,4732
860Z200US55381,ZCTA5 55381,786,71944,11693
860Z200US55382,ZCTA5 55382,1395,82642,5105
860Z200US55384,ZCTA5 55384,1232,47117,7723
860Z200US55385,ZCTA5 55385,470,65455,7714
860Z200US55386,ZCTA5 55386,3143,165591,10669
860Z200US55387,ZCTA5 55387,5166,96210,11536
860Z200US55388,ZCTA5 55388,2132,93145,12790
860Z200US55389,ZCTA5 55389,933,77629,8948
860Z200US55390,ZCTA5 55390,1076,99519,8639
860Z200US55391,ZCTA5 55391,6557,131068,13033
860Z200US55395,ZCTA5 55395,1125,63603,13778
860Z200US55396,ZCTA5 55396,949,62056,5408
860Z200US55397,ZCTA5 55397,1102,80530,15191
860Z200US55398,ZCTA5 55398,5868,98200,8723
860Z200US55401,ZCTA5 55401,7317,106756,10324
860Z200US55402,ZCTA5 55402,415,61360,9143
860Z200US55403,ZCTA5 55403,11021,55520,6443
860Z200US55404,ZCTA5 55404,12410,37029,3047
860Z200US55405,ZCTA5 55405,8047,64504,8241
860Z200US55406,ZCTA5 55406,16397,77888,4922
860Z200US55407,ZCTA5 55407,14981,70125,3555
860Z200US55408,ZCTA5 55408,15990,64911,3997
860Z200US55409,ZCTA5 55409,4821,86061,6890
860Z200US55410,ZCTA5 55410,8389,135260,8017
860Z200US55411,ZCTA5 55411,9979,44096,5146
860Z200US55412,ZCTA5 55412,8907,54594,2530
860Z200US55413,ZCTA5 55413,6951,72354,6438
860Z200US55414,ZCTA5 55414,12403,43001,4315
860Z200US55415,ZCTA5 55415,2593,118079,24751
860Z200US55416,ZCTA5 55416,17390,93875,4131
860Z200US55417,ZCTA5 55417,10820,107586,4860
860Z200US55418,ZCTA5 55418,13878,80600,6177
860Z200US55419,ZCTA5 55419,11270,119639,8291
860Z200US55420,ZCTA5 55420,8917,66370,7188
860Z200US55421,ZCTA5 55421,12249,67955,5148
860Z200US55422,ZCTA5 55422,12332,80400,4372
860Z200US55423,ZCTA5 55423,15679,74415,2882
860Z200US55424,ZCTA5 55424,3735,206038,28837
860Z200US55425,ZCTA5 55425,4191,64205,5848
860Z200US55426,ZCTA5 55426,12014,84911,4320
860Z200US55427,ZCTA5 55427,10686,85042,9150
860Z200US55428,ZCTA5 55428,12983,61980,7527
860Z200US55429,ZCTA5 55429,10251,59120,4645
860Z200US55430,ZCTA5 55430,7796,66038,6123
860Z200US55431,ZCTA5 55431,8297,96486,4807
860Z200US55432,ZCTA5 55432,12667,68480,3269
860Z200US55433,ZCTA5 55433,13643,72999,5777
860Z200US55434,ZCTA5 55434,11832,79855,6102
860Z200US55435,ZCTA5 55435,7536,68511,7703
860Z200US55436,ZCTA5 55436,6034,122500,18822
860Z200US55437,ZCTA5 55437,8536,88186,4388
860Z200US55438,ZCTA5 55438,7293,87737,7290
860Z200US55439,ZCTA5 55439,3476,153843,18125
860Z200US55441,ZCTA5 55441,7832,90456,9270
860Z200US55442,ZCTA5 55442,5534,114630,6962
860Z200US55443,ZCTA5 55443,11900,82290,8245
860Z200US55444,ZCTA5 55444,5448,93759,7255
860Z200US55445,ZCTA5 55445,4496,92478,10801
860Z200US55446,ZCTA5 55446,10088,151194,11706
860Z200US55447,ZCTA5 55447,8857,113640,12697
860Z200US55448,ZCTA5 55448,10750,84572,3690
860Z200US55449,ZCTA5 55449,10836,109228,4045
860Z200US55450,ZCTA5 55450,6,-,**
860Z200US55454,ZCTA5 55454,3520,23634,8794
860Z200US55455,ZCTA5 55455,0,-,**
860Z200US55601,ZCTA5 55601,77,73750,57799
860Z200US55602,ZCTA5 55602,175,43125,20830
860Z200US55603,ZCTA5 55603,193,53281,8308
860Z200US55604,ZCTA5 55604,1631,66014,5412
860Z200US55605,ZCTA5 55605,271,55511,6617
860Z200US55606,ZCTA5 55606,106,57500,12890
860Z200US55607,ZCTA5 55607,83,55521,11990
860Z200US55609,ZCTA5 55609,85,69426,9974
860Z200US55612,ZCTA5 55612,233,75380,2883
860Z200US55613,ZCTA5 55613,118,60625,24343
860Z200US55614,ZCTA5 55614,1112,66364,6658
860Z200US55615,ZCTA5 55615,140,56250,18577
860Z200US55616,ZCTA5 55616,3310,67540,4985
860Z200US55702,ZCTA5 55702,190,65833,11889
860Z200US55703,ZCTA5 55703,348,61818,4250
860Z200US55704,ZCTA5 55704,445,53646,14358
860Z200US55705,ZCTA5 55705,1541,49429,6783
860Z200US55706,ZCTA5 55706,837,46850,6660
860Z200US55707,ZCTA5 55707,1202,74239,6954
860Z200US55708,ZCTA5 55708,328,49531,13521
860Z200US55709,ZCTA5 55709,1641,63016,5665
860Z200US55710,ZCTA5 55710,573,78508,7138
860Z200US55711,ZCTA5 55711,203,51563,15458
860Z200US55712,ZCTA5 55712,271,42371,9966
860Z200US55713,ZCTA5 55713,474,51014,13656
860Z200US55716,ZCTA5 55716,149,32188,24923
860Z200US55717,ZCTA5 55717,125,63125,23179
860Z200US55718,ZCTA5 55718,1168,77083,6715
860Z200US55719,ZCTA5 55719,2368,55172,12687
860Z200US55720,ZCTA5 55720,7025,57640,3465
860Z200US55721,ZCTA5 55721,1358,70482,11599
860Z200US55722,ZCTA5 55722,368,54167,21737
860Z200US55723,ZCTA5 55723,943,61193,5644
860Z200US55724,ZCTA5 55724,379,61979,6686
860Z200US55725,ZCTA5 55725,54,58750,28163
860Z200US55726,ZCTA5 55726,363,66250,14605
860Z200US55731,ZCTA5 55731,2703,54577,7530
860Z200US55732,ZCTA5 55732,668,53036,8595
860Z200US55733,ZCTA5 55733,2042,102346,9682
860Z200US55734,ZCTA5 55734,2756,61264,2339
860Z200US55735,ZCTA5 55735,694,55577,4613
860Z200US55736,ZCTA5 55736,651,50852,3776
860Z200US55738,ZCTA5 55738,232,71000,17347
860Z200US55741,ZCTA5 55741,1430,57917,6697
860Z200US55742,ZCTA5 55742,91,68594,25770
860Z200US55744,ZCTA5 55744,8114,60330,3781
860Z200US55746,ZCTA5 55746,7851,49818,5621
860Z200US55748,ZCTA5 55748,534,50909,9212
860Z200US55749,ZCTA5 55749,240,73125,8514
860Z200US55750,ZCTA5 55750,897,61118,10629
860Z200US55751,ZCTA5 55751,636,77917,9345
860Z200US55752,ZCTA5 55752,178,76250,11880
860Z200US55753,ZCTA5 55753,504,46221,3732
860Z200US55756,ZCTA5 55756,115,62969,20038
860Z200US55757,ZCTA5 55757,287,61250,14038
860Z200US55758,ZCTA5 55758,75,46528,6420
860Z200US55760,ZCTA5 55760,1234,51818,4808
860Z200US55763,ZCTA5 55763,282,65081,3465
860Z200US55764,ZCTA5 55764,221,39107,12973
860Z200US55765,ZCTA5 55765,368,56667,8919
860Z200US55767,ZCTA5 55767,1158,60978,6736
860Z200US55768,ZCTA5 55768,1219,59354,6336
860Z200US55769,ZCTA5 55769,1085,58945,3663
860Z200US55771,ZCTA5 55771,673,58162,7979
860Z200US55772,ZCTA5 55772,62,-,**
860Z200US55775,ZCTA5 55775,594,70811,12327
860Z200US55779,ZCTA5 55779,1460,87700,7569
860Z200US55780,ZCTA5 55780,85,37361,8531
860Z200US55781,ZCTA5 55781,294,66875,12488
860Z200US55782,ZCTA5 55782,240,49583,10503
860Z200US55783,ZCTA5 55783,946,72222,2606
860Z200US55784,ZCTA5 55784,63,44375,12456
860Z200US55785,ZCTA5 55785,121,48875,5141
860Z200US55786,ZCTA5 55786,123,51938,2701
860Z200US55787,ZCTA5 55787,252,57857,17185
860Z200US55790,ZCTA5 55790,863,67446,5726
860Z200US55792,ZCTA5 55792,4791,47102,4318
860Z200US55793,ZCTA5 55793,271,58750,7480
860Z200US55795,ZCTA5 55795,656,62273,14665
860Z200US55796,ZCTA5 55796,65,50208,12389
860Z200US55797,ZCTA5 55797,563,76750,5913
860Z200US55798,ZCTA5 55798,223,74063,18895
860Z200US55802,ZCTA5 55802,1297,40625,9824
860Z200US55803,ZCTA5 55803,7446,91066,5327
860Z200US55804,ZCTA5 55804,6056,93138,6014
860Z200US55805,ZCTA5 55805,4837,38486,8406
860Z200US55806,ZCTA5 55806,4369,38265,3980
860Z200US55807,ZCTA5 55807,4213,49989,5292
860Z200US55808,ZCTA5 55808,2520,48066,3983
860Z200US55810,ZCTA5 55810,3343,71101,7313
860Z200US55811,ZCTA5 55811,10925,71296,4527
860Z200US55812,ZCTA5 55812,3488,54409,9250
860Z200US55814,ZCTA5 55814,0,-,**
860Z200US55901,ZCTA5 55901,22829,79486,4602
860Z200US55902,ZCTA5 55902,11354,105130,6402
860Z200US55903,ZCTA5 55903,0,-,**
860Z200US55904,ZCTA5 55904,11465,67897,3604
860Z200US55905,ZCTA5 55905,0,-,**
860Z200US55906,ZCTA5 55906,7974,96403,4192
860Z200US55909,ZCTA5 55909,521,79250,9132
860Z200US55910,ZCTA5 55910,512,68594,8776
860Z200US55912,ZCTA5 55912,11517,57044,3859
860Z200US55917,ZCTA5 55917,1376,65769,6743
860Z200US55918,ZCTA5 55918,392,70682,9936
860Z200US55919,ZCTA5 55919,454,64615,9333
860Z200US55920,ZCTA5 55920,3095,112841,12613
860Z200US55921,ZCTA5 55921,1987,59621,5206
860Z200US55922,ZCTA5 55922,329,61875,13846
860Z200US55923,ZCTA5 55923,1742,81641,3654
860Z200US55924,ZCTA5 55924,468,72143,6371
860Z200US55925,ZCTA5 55925,418,84063,17736
860Z200US55926,ZCTA5 55926,282,85500,16019
860Z200US55927,ZCTA5 55927,1579,83920,4688
860Z200US55929,ZCTA5 55929,437,95804,10285
860Z200US55931,ZCTA5 55931,168,52500,30137
860Z200US55932,ZCTA5 55932,791,85250,8983
860Z200US55933,ZCTA5 55933,91,58250,18628
860Z200US55934,ZCTA5 55934,1437,76008,7022
860Z200US55935,ZCTA5 55935,391,76250,7023
860Z200US55936,ZCTA5 55936,707,66063,4940
860Z200US55939,ZCTA5 55939,774,65763,3759
860Z200US55940,ZCTA5 55940,1099,72969,9278
860Z200US55941,ZCTA5 55941,485,58229,10985
860Z200US55943,ZCTA5 55943,1194,59271,4667
860Z200US55944,ZCTA5 55944,2867,86250,9765
860Z200US55945,ZCTA5 55945,607,73021,8652
860Z200US55946,ZCTA5 55946,1355,70234,7875
860Z200US55947,ZCTA5 55947,3185,74558,4536
860Z200US55949,ZCTA5 55949,771,66985,7446
860Z200US55950,ZCTA5 55950,53,39464,15171
860Z200US55951,ZCTA5 55951,576,57500,12330
860Z200US55952,ZCTA5 55952,900,86042,8254
860Z200US55953,ZCTA5 55953,343,52188,10445
860Z200US55954,ZCTA5 55954,524,64000,4050
860Z200US55955,ZCTA5 55955,942,115833,10967
860Z200US55956,ZCTA5 55956,866,82353,8284
860Z200US55957,ZCTA5 55957,298,67500,13510
860Z200US55959,ZCTA5 55959,867,58295,13114
860Z200US55960,ZCTA5 55960,1188,107955,6697
860Z200US55961,ZCTA5 55961,183,78542,14011
860Z200US55962,ZCTA5 55962,324,59063,9585
860Z200US55963,ZCTA5 55963,2209,82847,9741
860Z200US55964,ZCTA5 55964,1743,67420,9832
860Z200US55965,ZCTA5 55965,978,56125,7538
860Z200US55967,ZCTA5 55967,352,92813,9604
860Z200US55968,ZCTA5 55968,73,53125,16052
860Z200US55969,ZCTA5 55969,407,81484,5868
860Z200US55970,ZCTA5 55970,397,78125,11177
860Z200US55971,ZCTA5 55971,1114,68561,4445
860Z200US55972,ZCTA5 55972,2013,91715,9545
860Z200US55973,ZCTA5 55973,97,78750,24063
860Z200US55974,ZCTA5 55974,968,54338,4827
860Z200US55975,ZCTA5 55975,1779,70625,8589
860Z200US55976,ZCTA5 55976,3175,84346,5409
860Z200US55977,ZCTA5 55977,67,57813,11914
860Z200US55979,ZCTA5 55979,368,76500,16198
860Z200US55981,ZCTA5 55981,1655,65096,10910
860Z200US55982,ZCTA5 55982,251,128125,51035
860Z200US55983,ZCTA5 55983,699,75085,11059
860Z200US55985,ZCTA5 55985,657,72292,7260
860Z200US55987,ZCTA5 55987,14273,53496,3580
860Z200US55990,ZCTA5 55990,397,69844,10659
860Z200US55991,ZCTA5 55991,603,85917,5711
860Z200US55992,ZCTA5 55992,2334,73056,24035
860Z200US56001,ZCTA5 56001,19459,59759,3559
860Z200US56003,ZCTA5 56003,6307,76484,6532
860Z200US56007,ZCTA5 56007,9011,55450,4274
860Z200US56009,ZCTA5 56009,577,73487,5005
860Z200US56010,ZCTA5 56010,513,66625,10720
860Z200US56011,ZCTA5 56011,3425,91661,9070
860Z200US56013,ZCTA5 56013,2002,53777,5291
860Z200US56014,ZCTA5 56014,282,47500,18303
860Z200US56016,ZCTA5 56016,378,68750,10796
860Z200US56017,ZCTA5 56017,720,85081,12371
860Z200US56019,ZCTA5 56019,344,58333,5360
860Z200US56020,ZCTA5 56020,39,63750,30446
860Z200US56021,ZCTA5 56021,449,83646,9864
860Z200US56022,ZCTA5 56022,40,55000,31350
860Z200US56023,ZCTA5 56023,222,69583,9196
860Z200US56024,ZCTA5 56024,1239,80739,7613
860Z200US56025,ZCTA5 56025,193,75893,6138
860Z200US56026,ZCTA5 56026,762,80313,10231
860Z200US56027,ZCTA5 56027,294,44674,6753
860Z200US56028,ZCTA5 56028,464,84167,10378
860Z200US56029,ZCTA5 56029,270,56875,8841
860Z200US56030,ZCTA5 56030,7,41875,19674
860Z200US56031,ZCTA5 56031,5213,54558,10073
860Z200US56032,ZCTA5 56032,145,54688,23942
860Z200US56033,ZCTA5 56033,160,57955,8452
860Z200US56034,ZCTA5 56034,159,74271,14333
860Z200US56035,ZCTA5 56035,187,56964,13395
860Z200US56036,ZCTA5 56036,756,65625,6332
860Z200US56037,ZCTA5 56037,659,73295,22521
860Z200US56039,ZCTA5 56039,359,74519,6321
860Z200US56041,ZCTA5 56041,423,75208,8614
860Z200US56042,ZCTA5 56042,334,69375,21932
860Z200US56043,ZCTA5 56043,175,72841,10404
860Z200US56044,ZCTA5 56044,774,95104,6470
860Z200US56045,ZCTA5 56045,367,64375,5290
860Z200US56046,ZCTA5 56046,47,68125,19592
860Z200US56048,ZCTA5 56048,1676,72315,8539
860Z200US56050,ZCTA5 56050,525,75139,9312
860Z200US56051,ZCTA5 56051,297,44417,4710
860Z200US56052,ZCTA5 56052,252,82188,8146
860Z200US56054,ZCTA5 56054,361,83750,15596
860Z200US56055,ZCTA5 56055,1600,78636,11912
860Z200US56056,ZCTA5 56056,33,40313,17363
860Z200US56057,ZCTA5 56057,1510,74297,3612
860Z200US56058,ZCTA5 56058,2523,71406,7522
860Z200US56060,ZCTA5 56060,168,58125,13572
860Z200US56062,ZCTA5 56062,1190,65268,8497
860Z200US56063,ZCTA5 56063,1143,101107,4844
860Z200US56065,ZCTA5 56065,994,74917,5056
860Z200US56068,ZCTA5 56068,403,68558,7269
860Z200US56069,ZCTA5 56069,1897,68542,9233
860Z200US56071,ZCTA5 56071,4418,99545,5724
860Z200US56072,ZCTA5 56072,871,67679,3800
860Z200US56073,ZCTA5 56073,7121,64466,5570
860Z200US56074,ZCTA5 56074,692,82188,6840
860Z200US56075,ZCTA5 56075,73,38750,14225
860Z200US56078,ZCTA5 56078,192,65833,14235
860Z200US56080,ZCTA5 56080,280,88250,11592
860Z200US56081,ZCTA5 56081,2443,54976,8628
860Z200US56082,ZCTA5 56082,4683,67772,7645
860Z200US56083,ZCTA5 56083,352,53500,3075
860Z200US56085,ZCTA5 56085,2108,62031,7127
860Z200US56087,ZCTA5 56087,1306,60952,5955
860Z200US56088,ZCTA5 56088,868,63641,3638
860Z200US56089,ZCTA5 56089,98,48750,3882
860Z200US56090,ZCTA5 56090,274,71875,10185
860Z200US56091,ZCTA5 56091,131,47361,7425
860Z200US56093,ZCTA5 56093,5001,66125,5382
860Z200US56096,ZCTA5 56096,1179,80114,8430
860Z200US56097,ZCTA5 56097,1551,53795,5336
860Z200US56098,ZCTA5 56098,831,57153,6836
860Z200US56101,ZCTA5 56101,2499,55240,10482
860Z200US56110,ZCTA5 56110,619,65903,8800
860Z200US56111,ZCTA5 56111,193,72917,29498
860Z200US56113,ZCTA5 56113,96,66250,23424
860Z200US56114,ZCTA5 56114,150,70833,7696
860Z200US56115,ZCTA5 56115,516,61771,3499
860Z200US56116,ZCTA5 56116,223,87813,11295
860Z200US56117,ZCTA5 56117,125,75750,20488
860Z200US56118,ZCTA5 56118,193,79861,7624
860Z200US56119,ZCTA5 56119,330,72292,7408
860Z200US56120,ZCTA5 56120,358,71324,10222
860Z200US56121,ZCTA5 56121,309,42096,4807
860Z200US56122,ZCTA5 56122,218,63750,4941
860Z200US56123,ZCTA5 56123,177,57125,9482
860Z200US56125,ZCTA5 56125,31,60417,28459
860Z200US56127,ZCTA5 56127,212,-,**
860Z200US56128,ZCTA5 56128,771,65662,7451
860Z200US56129,ZCTA5 56129,290,59063,8653
860Z200US56131,ZCTA5 56131,897,71705,9601
860Z200US56132,ZCTA5 56132,231,59821,13204
860Z200US56134,ZCTA5 56134,172,53333,15142
860Z200US56136,ZCTA5 56136,614,50625,8803
860Z200US56137,ZCTA5 56137,430,71250,8280
860Z200US56138,ZCTA5 56138,405,74115,8120
860Z200US56139,ZCTA5 56139,158,49643,9821
860Z200US56140,ZCTA5 56140,37,56797,2256
860Z200US56141,ZCTA5 56141,136,60000,16257
860Z200US56142,ZCTA5 56142,428,56944,7737
860Z200US56143,ZCTA5 56143,2054,63010,5847
860Z200US56144,ZCTA5 56144,466,45962,5900
860Z200US56145,ZCTA5 56145,207,42841,7320
860Z200US56146,ZCTA5 56146,23,55179,15641
860Z200US56147,ZCTA5 56147,77,58750,6249
860Z200US56149,ZCTA5 56149,516,61111,7482
860Z200US56150,ZCTA5 56150,1146,57115,4085
860Z200US56151,ZCTA5 56151,300,74667,7498
860Z200US56152,ZCTA5 56152,558,66346,7133
860Z200US56153,ZCTA5 56153,77,49659,4697
860Z200US56155,ZCTA5 56155,223,52388,8129
860Z200US56156,ZCTA5 56156,2554,69211,6041
860Z200US56157,ZCTA5 56157,288,73030,5324
860Z200US56158,ZCTA5 56158,137,66875,23373
860Z200US56159,ZCTA5 56159,980,56029,6594
860Z200US56160,ZCTA5 56160,102,40000,16697
860Z200US56161,ZCTA5 56161,144,83750,15321
860Z200US56162,ZCTA5 56162,101,71875,20502
860Z200US56164,ZCTA5 56164,2453,61994,9850
860Z200US56165,ZCTA5 56165,125,78125,13850
860Z200US56166,ZCTA5 56166,75,70893,9901
860Z200US56167,ZCTA5 56167,296,57333,12275
860Z200US56168,ZCTA5 56168,303,54712,8234
860Z200US56169,ZCTA5 56169,281,73750,17711
860Z200US56170,ZCTA5 56170,250,55556,11731
860Z200US56171,ZCTA5 56171,738,61071,7467
860Z200US56172,ZCTA5 56172,1295,68631,9148
860Z200US56173,ZCTA5 56173,122,58333,9403
860Z200US56174,ZCTA5 56174,152,56500,27171
860Z200US56175,ZCTA5 56175,1106,62500,8355
860Z200US56176,ZCTA5 56176,418,62344,6208
860Z200US56178,ZCTA5 56178,685,69712,9416
860Z200US56180,ZCTA5 56180,443,58934,2455
860Z200US56181,ZCTA5 56181,516,57000,13208
860Z200US56183,ZCTA5 56183,597,46917,8289
860Z200US56185,ZCTA5 56185,214,51364,10919
860Z200US56186,ZCTA5 56186,158,52000,15905
860Z200US56187,ZCTA5 56187,5032,54821,5037
860Z200US56201,ZCTA5 56201,9184,60074,7323
860Z200US56207,ZCTA5 56207,92,61042,5606
860Z200US56208,ZCTA5 56208,968,47024,7594
860Z200US56209,ZCTA5 56209,913,68583,11589
860Z200US56210,ZCTA5 56210,5,61875,9168
860Z200US56211,ZCTA5 56211,196,72941,6653
860Z200US56212,ZCTA5 56212,203,63750,16263
860Z200US56214,ZCTA5 56214,275,66094,8487
860Z200US56215,ZCTA5 56215,2035,52399,7438
860Z200US56216,ZCTA5 56216,333,65125,6371
860Z200US56218,ZCTA5 56218,214,61250,19746
860Z200US56219,ZCTA5 56219,413,57599,16613
860Z200US56220,ZCTA5 56220,1151,57063,8083
860Z200US56221,ZCTA5 56221,321,66875,12730
860Z200US56222,ZCTA5 56222,842,57400,6291
860Z200US56223,ZCTA5 56223,542,58690,4590
860Z200US56224,ZCTA5 56224,129,54688,8308
860Z200US56225,ZCTA5 56225,299,58125,26839
860Z200US56226,ZCTA5 56226,92,76500,10594
860Z200US56227,ZCTA5 56227,112,83333,15159
860Z200US56228,ZCTA5 56228,383,54844,13964
860Z200US56229,ZCTA5 56229,753,85365,9735
860Z200US56230,ZCTA5 56230,309,53015,6367
860Z200US56231,ZCTA5 56231,144,83750,20120
860Z200US56232,ZCTA5 56232,896,70385,8471
860Z200US56235,ZCTA5 56235,216,71000,20096
860Z200US56236,ZCTA5 56236,156,84500,41870
860Z200US56237,ZCTA5 56237,247,59375,19412
860Z200US56239,ZCTA5 56239,244,78750,19516
860Z200US56240,ZCTA5 56240,341,52679,12787
860Z200US56241,ZCTA5 56241,1597,59594,6594
860Z200US56243,ZCTA5 56243,688,60333,11411
860Z200US56244,ZCTA5 56244,582,76591,11714
860Z200US56245,ZCTA5 56245,222,80568,12529
860Z200US56248,ZCTA5 56248,350,71250,7880
860Z200US56249,ZCTA5 56249,129,62708,12172
860Z200US56251,ZCTA5 56251,363,73015,6587
860Z200US56252,ZCTA5 56252,492,57500,13477
860Z200US56253,ZCTA5 56253,414,63462,7791
860Z200US56255,ZCTA5 56255,174,63654,6717
860Z200US56256,ZCTA5 56256,1085,52670,5633
860Z200US56257,ZCTA5 56257,216,50000,19052
860Z200US56258,ZCTA5 56258,5979,58750,5044
860Z200US56260,ZCTA5 56260,407,64844,9839
860Z200US56262,ZCTA5 56262,308,63611,10140
860Z200US56263,ZCTA5 56263,192,63125,12282
860Z200US56264,ZCTA5 56264,857,66652,5551
860Z200US56265,ZCTA5 56265,3172,60389,5328
860Z200US56266,ZCTA5 56266,573,60536,9004
860Z200US56267,ZCTA5 56267,2679,63979,4543
860Z200US56270,ZCTA5 56270,434,55250,6775
860Z200US56271,ZCTA5 56271,507,62411,5093
860Z200US56273,ZCTA5 56273,1989,81141,7034
860Z200US56274,ZCTA5 56274,78,100714,22056
860Z200US56276,ZCTA5 56276,96,52500,13496
860Z200US56277,ZCTA5 56277,1257,60846,5447
860Z200US56278,ZCTA5 56278,1293,56354,7062
860Z200US56279,ZCTA5 56279,462,71250,6846
860Z200US56280,ZCTA5 56280,218,60909,11330
860Z200US56281,ZCTA5 56281,228,92742,10856
860Z200US56282,ZCTA5 56282,585,64250,12526
860Z200US56283,ZCTA5 56283,2579,59981,5636
860Z200US56284,ZCTA5 56284,751,69519,8393
860Z200US56285,ZCTA5 56285,453,70688,6314
860Z200US56287,ZCTA5 56287,32,50625,24605
860Z200US56288,ZCTA5 56288,1994,96563,11906
860Z200US56289,ZCTA5 56289,305,61583,5255
860Z200US56291,ZCTA5 56291,185,53393,15164
860Z200US56292,ZCTA5 56292,216,70357,10853
860Z200US56293,ZCTA5 56293,478,57016,5280
860Z200US56294,ZCTA5 56294,53,69583,3973
860Z200US56295,ZCTA5 56295,132,55000,19084
860Z200US56296,ZCTA5 56296,843,50224,5278
860Z200US56297,ZCTA5 56297,322,72188,7833
860Z200US56301,ZCTA5 56301,12614,61561,4832
860Z200US56303,ZCTA5 56303,10725,59314,3883
860Z200US56304,ZCTA5 56304,6961,51384,4224
860Z200US56307,ZCTA5 56307,1912,80859,6769
860Z200US56308,ZCTA5 56308,11546,68456,5280
860Z200US56309,ZCTA5 56309,563,65875,12323
860Z200US56310,ZCTA5 56310,1991,95240,12402
860Z200US56311,ZCTA5 56311,307,61750,13411
860Z200US56312,ZCTA5 56312,940,67656,6697
860Z200US56313,ZCTA5 56313,32,45000,10723
860Z200US56314,ZCTA5 56314,467,78750,5153
860Z200US56315,ZCTA5 56315,713,80563,8467
860Z200US56316,ZCTA5 56316,583,62396,6678
860Z200US56318,ZCTA5 56318,432,70000,8625
860Z200US56319,ZCTA5 56319,578,77692,8833
860Z200US56320,ZCTA5 56320,3102,91368,8231
860Z200US56321,ZCTA5 56321,0,-,**
860Z200US56323,ZCTA5 56323,230,68214,16807
860Z200US56324,ZCTA5 56324,468,73214,11572
860Z200US56325,ZCTA5 56325,81,45536,20865
860Z200US56326,ZCTA5 56326,728,73036,8923
860Z200US56327,ZCTA5 56327,345,71964,12246
860Z200US56328,ZCTA5 56328,77,79063,29312
860Z200US56329,ZCTA5 56329,2703,81325,4568
860Z200US56330,ZCTA5 56330,656,68393,7692
860Z200US56331,ZCTA5 56331,771,87604,9369
860Z200US56332,ZCTA5 56332,686,78462,8854
860Z200US56334,ZCTA5 56334,2510,66915,4802
860Z200US56335,ZCTA5 56335,90,71250,13643
860Z200US56336,ZCTA5 56336,647,76908,4758
860Z200US56338,ZCTA5 56338,676,64167,6958
860Z200US56339,ZCTA5 56339,400,50000,12471
860Z200US56340,ZCTA5 56340,926,78864,8758
860Z200US56342,ZCTA5 56342,1218,51757,3023
860Z200US56343,ZCTA5 56343,414,57500,15467
860Z200US56345,ZCTA5 56345,6274,53294,5382
860Z200US56347,ZCTA5 56347,2918,55357,10558
860Z200US56349,ZCTA5 56349,318,86250,12305
860Z200US56350,ZCTA5 56350,200,41250,24600
860Z200US56352,ZCTA5 56352,2458,57188,9366
860Z200US56353,ZCTA5 56353,3619,68378,2886
860Z200US56354,ZCTA5 56354,591,75956,7424
860Z200US56355,ZCTA5 56355,214,72500,25936
860Z200US56356,ZCTA5 56356,97,77656,8729
860Z200US56357,ZCTA5 56357,386,96375,4959
860Z200US56358,ZCTA5 56358,1257,66507,5163
860Z200US56359,ZCTA5 56359,1338,52194,2213
860Z200US56360,ZCTA5 56360,1762,58491,3779
860Z200US56361,ZCTA5 56361,925,67917,7805
860Z200US56362,ZCTA5 56362,2168,69537,4338
860Z200US56363,ZCTA5 56363,85,58281,11690
860Z200US56364,ZCTA5 56364,2099,70645,3464
860Z200US56367,ZCTA5 56367,2598,87258,5566
860Z200US56368,ZCTA5 56368,1646,82733,5036
860Z200US56369,ZCTA5 56369,226,67188,23950
860Z200US56371,ZCTA5 56371,37,53750,36987
860Z200US56373,ZCTA5 56373,1179,72601,6459
860Z200US56374,ZCTA5 56374,3280,77697,11672
860Z200US56375,ZCTA5 56375,337,87596,9130
860Z200US56376,ZCTA5 56376,128,67500,19966
860Z200US56377,ZCTA5 56377,7870,75243,5361
860Z200US56378,ZCTA5 56378,3354,66471,5599
860Z200US56379,ZCTA5 56379,6897,64279,2167
860Z200US56381,ZCTA5 56381,997,71250,3435
860Z200US56382,ZCTA5 56382,534,71250,7384
860Z200US56384,ZCTA5 56384,134,62500,32290
860Z200US56385,ZCTA5 56385,445,51976,8575
860Z200US56386,ZCTA5 56386,308,43750,10303
860Z200US56387,ZCTA5 56387,3515,47816,11902
860Z200US56389,ZCTA5 56389,36,51786,18356
860Z200US56401,ZCTA5 56401,12558,58479,2508
860Z200US56425,ZCTA5 56425,3447,64766,10844
860Z200US56431,ZCTA5 56431,3695,54051,4273
860Z200US56433,ZCTA5 56433,773,47875,4928
860Z200US56434,ZCTA5 56434,71,74583,14986
860Z200US56435,ZCTA5 56435,1198,57800,4281
860Z200US56437,ZCTA5 56437,464,52656,3963
860Z200US56438,ZCTA5 56438,1068,54878,3366
860Z200US56440,ZCTA5 56440,517,49766,6617
860Z200US56441,ZCTA5 56441,1722,41198,7253
860Z200US56442,ZCTA5 56442,1376,67778,14293
860Z200US56443,ZCTA5 56443,626,70000,9918
860Z200US56444,ZCTA5 56444,1341,69258,6892
860Z200US56446,ZCTA5 56446,640,48929,4772
860Z200US56447,ZCTA5 56447,365,51250,7610
860Z200US56448,ZCTA5 56448,218,65000,16662
860Z200US56449,ZCTA5 56449,725,75583,12802
860Z200US56450,ZCTA5 56450,492,54643,6097
860Z200US56452,ZCTA5 56452,934,58846,5495
860Z200US56453,ZCTA5 56453,301,56250,9235
860Z200US56455,ZCTA5 56455,649,56645,5506
860Z200US56458,ZCTA5 56458,148,61250,7192
860Z200US56461,ZCTA5 56461,1306,68269,4976
860Z200US56464,ZCTA5 56464,1672,60403,4442
860Z200US56465,ZCTA5 56465,889,66369,7772
860Z200US56466,ZCTA5 56466,1306,54451,4246
860Z200US56467,ZCTA5 56467,1064,69375,3174
860Z200US56468,ZCTA5 56468,1776,84113,9621
860Z200US56469,ZCTA5 56469,486,56042,4249
860Z200US56470,ZCTA5 56470,4384,61147,2733
860Z200US56472,ZCTA5 56472,3379,64279,6265
860Z200US56473,ZCTA5 56473,1307,69458,5841
860Z200US56474,ZCTA5 56474,1864,46538,2434
860Z200US56475,ZCTA5 56475,641,56307,4027
860Z200US56477,ZCTA5 56477,1136,50948,4825
860Z200US56479,ZCTA5 56479,1832,52167,8098
860Z200US56481,ZCTA5 56481,888,65179,9656
860Z200US56482,ZCTA5 56482,2975,49789,5341
860Z200US56484,ZCTA5 56484,1359,57563,6654
860Z200US56501,ZCTA5 56501,7284,65077,3961
860Z200US56510,ZCTA5 56510,926,58929,4783
860Z200US56511,ZCTA5 56511,798,80000,11260
860Z200US56514,ZCTA5 56514,1414,71500,13716
860Z200US56515,ZCTA5 56515,1243,67566,4412
860Z200US56516,ZCTA5 56516,122,55000,21105
860Z200US56517,ZCTA5 56517,95,93750,38901
860Z200US56518,ZCTA5 56518,152,48571,9556
860Z200US56519,ZCTA5 56519,111,56875,12751
860Z200US56520,ZCTA5 56520,1713,51568,6535
860Z200US56521,ZCTA5 56521,311,60197,4983
860Z200US56522,ZCTA5 56522,175,68750,2792
860Z200US56523,ZCTA5 56523,156,70833,14231
860Z200US56524,ZCTA5 56524,296,61111,7848
860Z200US56525,ZCTA5 56525,32,98750,45764
860Z200US56527,ZCTA5 56527,314,52955,6008
860Z200US56528,ZCTA5 56528,750,67353,9564
860Z200US56529,ZCTA5 56529,1847,71829,16644
860Z200US56531,ZCTA5 56531,788,60543,5893
860Z200US56533,ZCTA5 56533,116,65179,11044
860Z200US56534,ZCTA5 56534,530,76818,12388
860Z200US56535,ZCTA5 56535,516,46607,9332
860Z200US56536,ZCTA5 56536,145,68750,10098
860Z200US56537,ZCTA5 56537,8610,54506,4276
860Z200US56540,ZCTA5 56540,726,64167,6679
860Z200US56541,ZCTA5 56541,27,76250,64023
860Z200US56542,ZCTA5 56542,1042,50543,3410
860Z200US56543,ZCTA5 56543,96,56500,46488
860Z200US56544,ZCTA5 56544,2120,65833,8071
860Z200US56545,ZCTA5 56545,268,67000,8857
860Z200US56546,ZCTA5 56546,93,74844,13551
860Z200US56547,ZCTA5 56547,945,84563,6176
860Z200US56548,ZCTA5 56548,304,50556,11481
860Z200US56549,ZCTA5 56549,1783,88554,5667
860Z200US56550,ZCTA5 56550,141,53750,14436
860Z200US56551,ZCTA5 56551,918,57292,4895
860Z200US56552,ZCTA5 56552,202,53000,10686
860Z200US56553,ZCTA5 56553,122,57011,21036
860Z200US56554,ZCTA5 56554,1096,77500,9067
860Z200US56556,ZCTA5 56556,448,61346,9029
860Z200US56557,ZCTA5 56557,984,44821,4507
860Z200US56560,ZCTA5 56560,17665,64129,3318
860Z200US56562,ZCTA5 56562,0,-,**
860Z200US56563,ZCTA5 56563,0,-,**
860Z200US56565,ZCTA5 56565,38,48000,1682
860Z200US56566,ZCTA5 56566,197,35625,5568
860Z200US56567,ZCTA5 56567,1297,64704,4081
860Z200US56568,ZCTA5 56568,56,-,**
860Z200US56569,ZCTA5 56569,464,50625,4254
860Z200US56570,ZCTA5 56570,465,54861,11108
860Z200US56571,ZCTA5 56571,785,75417,8134
860Z200US56572,ZCTA5 56572,2165,70026,5654
860Z200US56573,ZCTA5 56573,2712,63065,12182
860Z200US56574,ZCTA5 56574,115,73472,9213
860Z200US56575,ZCTA5 56575,272,48125,3335
860Z200US56576,ZCTA5 56576,383,67656,11658
860Z200US56578,ZCTA5 56578,293,88393,14845
860Z200US56579,ZCTA5 56579,393,78750,12224
860Z200US56580,ZCTA5 56580,474,87717,6651
860Z200US56581,ZCTA5 56581,130,49444,11594
860Z200US56583,ZCTA5 56583,67,59453,15710
860Z200US56584,ZCTA5 56584,558,62500,9832
860Z200US56585,ZCTA5 56585,484,50250,14555
860Z200US56586,ZCTA5 56586,813,75625,3837
860Z200US56587,ZCTA5 56587,568,71000,7248
860Z200US56588,ZCTA5 56588,185,58194,12277
860Z200US56589,ZCTA5 56589,692,60313,6411
860Z200US56590,ZCTA5 56590,157,55179,4028
860Z200US56591,ZCTA5 56591,216,17000,4487
860Z200US56592,ZCTA5 56592,157,58750,16982
860Z200US56594,ZCTA5 56594,183,78125,15986
860Z200US56601,ZCTA5 56601,13661,60102,3276
860Z200US56621,ZCTA5 56621,1666,53714,3957
860Z200US56623,ZCTA5 56623,1058,56827,7491
860Z200US56626,ZCTA5 56626,87,46058,8156
860Z200US56627,ZCTA5 56627,136,30833,10490
860Z200US56628,ZCTA5 56628,650,43750,9562
860Z200US56629,ZCTA5 56629,74,71944,17276
860Z200US56630,ZCTA5 56630,851,43322,2661
860Z200US56633,ZCTA5 56633,1556,53988,2017
860Z200US56634,ZCTA5 56634,615,62232,9375
860Z200US56636,ZCTA5 56636,1932,58750,6012
860Z200US56637,ZCTA5 56637,73,88125,22857
860Z200US56639,ZCTA5 56639,207,28875,7938
860Z200US56641,ZCTA5 56641,132,55000,8819
860Z200US56644,ZCTA5 56644,281,49844,13635
860Z200US56646,ZCTA5 56646,155,44583,30346
860Z200US56647,ZCTA5 56647,313,56607,18001
860Z200US56649,ZCTA5 56649,4189,53663,3774
860Z200US56650,ZCTA5 56650,424,72778,33788
860Z200US56651,ZCTA5 56651,191,66750,19748
860Z200US56652,ZCTA5 56652,186,65313,9070
860Z200US56653,ZCTA5 56653,560,58947,8506
860Z200US56654,ZCTA5 56654,38,43333,11119
860Z200US56655,ZCTA5 56655,758,47315,5231
860Z200US56657,ZCTA5 56657,90,63333,29936
860Z200US56658,ZCTA5 56658,0,-,**
860Z200US56659,ZCTA5 56659,64,-,**
860Z200US56660,ZCTA5 56660,119,63125,25085
860Z200US56661,ZCTA5 56661,402,62000,4956
860Z200US56662,ZCTA5 56662,249,55855,3137
860Z200US56663,ZCTA5 56663,84,38409,11712
860Z200US56666,ZCTA5 56666,210,45652,28026
860Z200US56667,ZCTA5 56667,305,78393,11578
860Z200US56668,ZCTA5 56668,95,71442,29361
860Z200US56669,ZCTA5 56669,108,55000,13430
860Z200US56670,ZCTA5 56670,300,41379,6340
860Z200US56671,ZCTA5 56671,831,47098,6658
860Z200US56672,ZCTA5 56672,892,49000,5434
860Z200US56673,ZCTA5 56673,165,54375,3154
860Z200US56676,ZCTA5 56676,714,62614,7953
860Z200US56678,ZCTA5 56678,615,60750,11827
860Z200US56680,ZCTA5 56680,54,-,**
860Z200US56681,ZCTA5 56681,104,46250,22934
860Z200US56683,ZCTA5 56683,253,69688,12151
860Z200US56684,ZCTA5 56684,139,72188,24284
860Z200US56685,ZCTA5 56685,62,75000,64305
860Z200US56686,ZCTA5 56686,337,64861,18819
860Z200US56688,ZCTA5 56688,64,-,**
860Z200US56701,ZCTA5 56701,5562,64211,4850
860Z200US56710,ZCTA5 56710,191,68750,29487
860Z200US56711,ZCTA5 56711,5,-,**
860Z200US56713,ZCTA5 56713,409,75938,12275
860Z200US56714,ZCTA5 56714,467,58472,6465
860Z200US56715,ZCTA5 56715,137,52083,36743
860Z200US56716,ZCTA5 56716,3791,52786,4362
860Z200US56720,ZCTA5 56720,8,-,**
860Z200US56721,ZCTA5 56721,4165,72791,9331
860Z200US56722,ZCTA5 56722,145,71875,23213
860Z200US56723,ZCTA5 56723,313,99688,13651
860Z200US56724,ZCTA5 56724,51,83125,40526
860Z200US56725,ZCTA5 56725,346,56932,7866
860Z200US56726,ZCTA5 56726,601,66319,7345
860Z200US56727,ZCTA5 56727,351,70139,10049
860Z200US56728,ZCTA5 56728,492,66371,4042
860Z200US56729,ZCTA5 56729,48,63750,31984
860Z200US56731,ZCTA5 56731,46,55000,49762
860Z200US56732,ZCTA5 56732,430,55069,4624
860Z200US56733,ZCTA5 56733,164,68750,15896
860Z200US56734,ZCTA5 56734,189,66750,17261
860Z200US56735,ZCTA5 56735,274,59375,15178
860Z200US56736,ZCTA5 56736,326,67273,16350
860Z200US56737,ZCTA5 56737,354,47500,8336
860Z200US56738,ZCTA5 56738,528,64457,6222
860Z200US56742,ZCTA5 56742,311,63750,12417
860Z200US56744,ZCTA5 56744,198,67000,7777
860Z200US56748,ZCTA5 56748,252,74722,11700
860Z200US56750,ZCTA5 56750,1005,61250,10956
860Z200US56751,ZCTA5 56751,2207,70335,6234
860Z200US56754,ZCTA5 56754,224,86786,19955
860Z200US56755,ZCTA5 56755,32,61250,14218
860Z200US56756,ZCTA5 56756,210,69167,14187
860Z200US56757,ZCTA5 56757,355,75341,11872
860Z200US56758,ZCTA5 56758,132,46250,21490
860Z200US56759,ZCTA5 56759,124,77500,34081
860Z200US56760,ZCTA5 56760,189,88482,16305
860Z200US56761,ZCTA5 56761,157,56250,7184
860Z200US56762,ZCTA5 56762,1023,57067,7748
860Z200US56763,ZCTA5 56763,1874,62750,7967
860Z200US57026,ZCTA5 57026,546,70694,6340
860Z200US57030,ZCTA5 57030,1121,73377,3344
860Z200US57068,ZCTA5 57068,609,94028,14855
860Z200US58030,ZCTA5 58030,263,60417,16593
860Z200US58225,ZCTA5 58225,429,71375,10360